Appointment_ID,Patient_ID,Doctor_ID,Department,Appointment_Date,Appointment_Time,Appointment_Status,Waiting_Time_Min,Treatment_Cost,Booking_Lead_Days
A0001,P001,D005,Dermatology,2026-05-15,15:15,Cancelled,0,0,1
A0002,P002,D005,Dermatology,2026-09-02,14:00,No-Show,0,0,3
A0003,P003,D006,Neurology,2026-01-29,17:00,Completed,53,9731,18
A0004,P004,D007,Pediatrics,2026-02-11,11:30,No-Show,0,0,18
A0005,P005,D004,Orthopedics,2026-09-13,17:00,Rescheduled,9,0,11
A0006,P006,D006,Neurology,2026-09-16,15:45,Cancelled,0,0,19
A0007,P007,D004,Orthopedics,2026-03-07,13:15,Cancelled,0,0,25
A0008,P008,D007,Pediatrics,2026-08-19,17:00,Cancelled,0,0,14
A0009,P009,D009,Emergency,2026-08-07,13:15,Rescheduled,35,0,16
A0010,P010,D005,Dermatology,2026-01-31,11:15,Rescheduled,21,0,4
A0011,P011,D004,Orthopedics,2026-07-04,13:30,Cancelled,0,0,17
A0012,P012,D009,Emergency,2026-08-10,10:30,Cancelled,0,0,15
A0013,P013,D008,General Medicine,2026-04-28,16:30,Completed,18,1534,18
A0014,P014,D002,Cardiology,2026-07-26,16:15,Completed,18,7528,10
A0015,P015,D004,Orthopedics,2026-08-04,14:30,No-Show,0,0,23
A0016,P016,D005,Dermatology,2026-08-01,15:00,Rescheduled,43,0,6
A0017,P017,D006,Neurology,2026-08-04,17:15,No-Show,0,0,7
A0018,P018,D002,Cardiology,2026-04-26,13:45,Cancelled,0,0,19
A0019,P019,D005,Dermatology,2026-05-06,17:45,Cancelled,0,0,20
A0020,P020,D008,General Medicine,2026-03-09,13:15,No-Show,0,0,9
A0021,P021,D008,General Medicine,2026-05-01,15:00,Completed,45,1474,22
A0022,P022,D005,Dermatology,2026-03-20,15:15,Cancelled,0,0,17
A0023,P023,D004,Orthopedics,2026-08-08,11:45,No-Show,0,0,18
A0024,P024,D004,Orthopedics,2026-02-01,13:45,Cancelled,0,0,23
A0025,P025,D005,Dermatology,2026-07-24,11:30,No-Show,0,0,1
A0026,P026,D009,Emergency,2026-02-10,09:00,Completed,42,3970,10
A0027,P027,D004,Orthopedics,2026-03-09,17:45,Cancelled,0,0,29
A0028,P028,D005,Dermatology,2026-08-31,13:30,Rescheduled,19,0,11
A0029,P029,D007,Pediatrics,2026-02-11,10:00,Rescheduled,25,0,12
A0030,P030,D006,Neurology,2026-08-09,10:00,Completed,50,10885,3
A0031,P031,D003,Orthopedics,2026-02-15,11:15,Cancelled,0,0,16
A0032,P032,D008,General Medicine,2026-06-09,17:15,Completed,31,2443,23
A0033,P033,D005,Dermatology,2026-09-02,12:15,Cancelled,0,0,7
A0034,P034,D005,Dermatology,2026-04-06,13:30,Cancelled,0,0,7
A0035,P035,D001,Cardiology,2026-05-04,09:30,Cancelled,0,0,25
A0036,P036,D005,Dermatology,2026-01-23,10:15,Rescheduled,29,0,29
A0037,P037,D008,General Medicine,2026-01-11,11:15,Rescheduled,8,0,20
A0038,P038,D008,General Medicine,2026-07-30,13:45,No-Show,0,0,24
A0039,P039,D001,Cardiology,2026-06-15,15:45,No-Show,0,0,28
A0040,P040,D008,General Medicine,2026-02-14,16:45,Rescheduled,30,0,25
A0041,P041,D005,Dermatology,2026-06-01,13:15,Cancelled,0,0,5
A0042,P042,D002,Cardiology,2026-06-20,14:00,Completed,24,8459,23
A0043,P043,D006,Neurology,2026-09-14,16:45,Completed,59,2992,29
A0044,P044,D003,Orthopedics,2026-03-05,14:00,Rescheduled,36,0,29
A0045,P045,D005,Dermatology,2026-02-05,13:00,No-Show,0,0,23
A0046,P046,D007,Pediatrics,2026-09-19,09:30,Cancelled,0,0,17
A0047,P047,D007,Pediatrics,2026-06-25,17:15,Cancelled,0,0,22
A0048,P048,D007,Pediatrics,2026-07-30,13:30,Completed,21,1251,29
A0049,P049,D006,Neurology,2026-05-27,17:00,Completed,26,4840,4
A0050,P050,D008,General Medicine,2026-01-27,11:45,Rescheduled,10,0,1
A0051,P051,D004,Orthopedics,2026-05-26,09:30,No-Show,0,0,21
A0052,P052,D007,Pediatrics,2026-05-12,14:00,No-Show,0,0,2
A0053,P053,D008,General Medicine,2026-01-20,16:45,Completed,60,2018,11
A0054,P054,D007,Pediatrics,2026-04-16,17:00,Cancelled,0,0,25
A0055,P055,D005,Dermatology,2026-07-18,09:00,Rescheduled,18,0,18
A0056,P056,D003,Orthopedics,2026-04-14,12:00,Rescheduled,26,0,29
A0057,P057,D005,Dermatology,2026-05-09,17:15,Cancelled,0,0,6
A0058,P058,D006,Neurology,2026-06-24,11:00,Completed,58,2574,6
A0059,P059,D008,General Medicine,2026-02-20,17:45,Cancelled,0,0,23
A0060,P060,D007,Pediatrics,2026-05-27,12:45,Cancelled,0,0,12
A0061,P061,D004,Orthopedics,2026-02-02,17:45,No-Show,0,0,8
A0062,P062,D005,Dermatology,2026-07-16,12:30,No-Show,0,0,16
A0063,P063,D005,Dermatology,2026-05-02,16:00,Rescheduled,34,0,22
A0064,P064,D009,Emergency,2026-03-22,09:45,Rescheduled,13,0,16
A0065,P065,D004,Orthopedics,2026-02-19,12:45,Completed,31,5683,9
A0066,P066,D006,Neurology,2026-03-09,09:00,Cancelled,0,0,30
A0067,P067,D002,Cardiology,2026-09-17,09:30,Rescheduled,14,0,16
A0068,P068,D008,General Medicine,2026-08-22,12:00,No-Show,0,0,12
A0069,P069,D008,General Medicine,2026-02-17,09:15,Cancelled,0,0,9
A0070,P070,D006,Neurology,2026-06-02,13:15,Completed,58,4876,14
A0071,P071,D007,Pediatrics,2026-06-06,10:30,No-Show,0,0,26
A0072,P072,D002,Cardiology,2026-09-15,15:30,Cancelled,0,0,16
A0073,P073,D005,Dermatology,2026-06-06,11:15,Completed,14,3432,15
A0074,P074,D009,Emergency,2026-01-22,11:30,No-Show,0,0,3
A0075,P075,D005,Dermatology,2026-03-04,11:00,Cancelled,0,0,26
A0076,P076,D006,Neurology,2026-01-06,09:45,Completed,47,11505,12
A0077,P077,D007,Pediatrics,2026-03-16,10:00,Rescheduled,19,0,10
A0078,P078,D006,Neurology,2026-06-04,15:00,Rescheduled,6,0,20
A0079,P079,D006,Neurology,2026-09-21,10:30,Rescheduled,10,0,21
A0080,P080,D001,Cardiology,2026-05-27,13:15,No-Show,0,0,17
A0081,P081,D002,Cardiology,2026-05-20,17:00,No-Show,0,0,18
A0082,P082,D009,Emergency,2026-08-10,11:00,Completed,42,4693,27
A0083,P083,D005,Dermatology,2026-01-17,10:15,Rescheduled,38,0,26
A0084,P084,D005,Dermatology,2026-09-04,14:15,No-Show,0,0,24
A0085,P085,D007,Pediatrics,2026-04-19,09:30,Completed,41,3395,11
A0086,P086,D004,Orthopedics,2026-04-27,09:15,No-Show,0,0,11
A0087,P087,D008,General Medicine,2026-02-22,09:15,Cancelled,0,0,16
A0088,P088,D002,Cardiology,2026-04-03,13:00,Completed,27,13156,10
A0089,P089,D007,Pediatrics,2026-07-01,11:30,Cancelled,0,0,16
A0090,P090,D007,Pediatrics,2026-08-21,17:15,Rescheduled,5,0,10
A0091,P091,D005,Dermatology,2026-07-03,16:45,Rescheduled,25,0,6
A0092,P092,D009,Emergency,2026-02-03,14:00,No-Show,0,0,26
A0093,P093,D006,Neurology,2026-03-15,12:15,Completed,20,6915,9
A0094,P094,D006,Neurology,2026-05-01,13:00,No-Show,0,0,13
A0095,P095,D005,Dermatology,2026-07-28,12:30,Cancelled,0,0,9
A0096,P096,D008,General Medicine,2026-06-15,16:30,No-Show,0,0,8
A0097,P097,D005,Dermatology,2026-03-06,15:45,No-Show,0,0,14
A0098,P098,D008,General Medicine,2026-07-14,10:00,Completed,24,1700,3
A0099,P099,D005,Dermatology,2026-04-15,14:30,Rescheduled,42,0,4
A0100,P100,D007,Pediatrics,2026-08-02,16:15,Rescheduled,12,0,4
A0101,P101,D006,Neurology,2026-03-29,10:15,Completed,52,11060,16
A0102,P102,D004,Orthopedics,2026-02-05,10:15,No-Show,0,0,22
A0103,P103,D006,Neurology,2026-07-16,12:30,Rescheduled,6,0,6
A0104,P104,D001,Cardiology,2026-05-14,12:30,Rescheduled,36,0,7
A0105,P105,D009,Emergency,2026-07-06,16:15,No-Show,0,0,15
A0106,P106,D009,Emergency,2026-08-02,12:45,Cancelled,0,0,26
A0107,P107,D006,Neurology,2026-04-02,17:00,Rescheduled,18,0,13
A0108,P108,D005,Dermatology,2026-09-15,11:30,No-Show,0,0,12
A0109,P109,D005,Dermatology,2026-03-07,13:45,Cancelled,0,0,17
A0110,P110,D001,Cardiology,2026-06-24,16:45,Cancelled,0,0,5
A0111,P111,D002,Cardiology,2026-06-13,12:45,Completed,20,14874,21
A0112,P112,D006,Neurology,2026-02-20,11:30,Cancelled,0,0,1
A0113,P113,D006,Neurology,2026-06-29,16:15,Rescheduled,15,0,23
A0114,P114,D007,Pediatrics,2026-06-30,14:15,Cancelled,0,0,22
A0115,P115,D005,Dermatology,2026-01-07,09:30,No-Show,0,0,13
A0116,P116,D005,Dermatology,2026-08-20,13:45,Completed,36,1950,23
A0117,P117,D003,Orthopedics,2026-03-30,16:00,Rescheduled,39,0,27
A0118,P118,D004,Orthopedics,2026-04-28,09:00,Completed,16,4295,29
A0119,P119,D005,Dermatology,2026-05-18,12:15,Completed,11,2024,13
A0120,P120,D006,Neurology,2026-07-25,11:15,Cancelled,0,0,3
A0121,P121,D008,General Medicine,2026-05-17,16:00,Completed,34,2742,3
A0122,P122,D007,Pediatrics,2026-09-25,15:00,Cancelled,0,0,29
A0123,P123,D002,Cardiology,2026-02-01,17:30,Cancelled,0,0,15
A0124,P124,D009,Emergency,2026-04-03,17:00,Completed,38,5432,19
A0125,P125,D005,Dermatology,2026-04-17,17:45,Completed,38,4892,5
A0126,P126,D007,Pediatrics,2026-06-17,16:30,No-Show,0,0,18
A0127,P127,D006,Neurology,2026-06-03,09:15,Cancelled,0,0,29
A0128,P128,D001,Cardiology,2026-06-02,12:30,Rescheduled,16,0,4
A0129,P129,D002,Cardiology,2026-01-19,12:15,Rescheduled,32,0,10
A0130,P130,D006,Neurology,2026-04-16,10:30,Rescheduled,40,0,26
A0131,P131,D006,Neurology,2026-01-20,09:45,Rescheduled,32,0,3
A0132,P132,D008,General Medicine,2026-07-10,11:15,Rescheduled,42,0,13
A0133,P133,D003,Orthopedics,2026-03-06,15:30,Completed,44,4791,16
A0134,P134,D007,Pediatrics,2026-07-29,13:45,Rescheduled,40,0,4
A0135,P135,D007,Pediatrics,2026-04-24,12:00,Completed,35,3529,10
A0136,P136,D009,Emergency,2026-02-22,16:00,Rescheduled,42,0,20
A0137,P137,D005,Dermatology,2026-05-12,09:30,Rescheduled,40,0,28
A0138,P138,D001,Cardiology,2026-06-03,16:45,Completed,60,8605,24
A0139,P139,D006,Neurology,2026-08-30,10:00,Cancelled,0,0,15
A0140,P140,D002,Cardiology,2026-01-14,11:30,Cancelled,0,0,28
A0141,P141,D007,Pediatrics,2026-02-16,14:00,Completed,10,2370,8
A0142,P142,D009,Emergency,2026-08-30,16:00,Rescheduled,19,0,15
A0143,P143,D007,Pediatrics,2026-08-13,11:00,Completed,18,3265,8
A0144,P144,D001,Cardiology,2026-05-23,09:15,Cancelled,0,0,25
A0145,P145,D005,Dermatology,2026-06-19,12:00,Cancelled,0,0,24
A0146,P146,D005,Dermatology,2026-01-31,16:45,No-Show,0,0,21
A0147,P147,D009,Emergency,2026-02-11,11:45,Cancelled,0,0,6
A0148,P148,D005,Dermatology,2026-08-11,17:45,Rescheduled,29,0,4
A0149,P149,D001,Cardiology,2026-07-20,09:00,Rescheduled,23,0,2
A0150,P150,D003,Orthopedics,2026-09-25,13:15,Cancelled,0,0,25
A0151,P151,D006,Neurology,2026-07-19,14:45,Cancelled,0,0,15
A0152,P152,D006,Neurology,2026-04-06,15:45,Cancelled,0,0,16
A0153,P153,D005,Dermatology,2026-02-02,14:15,Cancelled,0,0,15
A0154,P154,D006,Neurology,2026-01-26,12:00,Rescheduled,21,0,6
A0155,P155,D009,Emergency,2026-03-01,11:00,No-Show,0,0,23
A0156,P156,D005,Dermatology,2026-06-22,16:30,No-Show,0,0,16
A0157,P157,D002,Cardiology,2026-01-01,16:15,Cancelled,0,0,19
A0158,P158,D007,Pediatrics,2026-03-12,12:15,Rescheduled,39,0,27
A0159,P159,D009,Emergency,2026-08-07,12:30,Rescheduled,12,0,7
A0160,P160,D009,Emergency,2026-08-17,10:00,Cancelled,0,0,13
A0161,P161,D006,Neurology,2026-02-27,12:15,Completed,44,4636,1
A0162,P162,D002,Cardiology,2026-05-16,10:15,No-Show,0,0,23
A0163,P163,D007,Pediatrics,2026-05-08,09:30,Rescheduled,29,0,4
A0164,P164,D007,Pediatrics,2026-07-28,11:45,Completed,58,3092,4
A0165,P165,D009,Emergency,2026-09-03,17:15,Rescheduled,30,0,4
A0166,P166,D002,Cardiology,2026-05-25,13:15,Completed,11,9703,15
A0167,P167,D006,Neurology,2026-01-28,16:30,Cancelled,0,0,19
A0168,P168,D006,Neurology,2026-06-17,09:45,No-Show,0,0,9
A0169,P169,D007,Pediatrics,2026-03-13,10:45,Completed,56,864,1
A0170,P170,D004,Orthopedics,2026-04-25,13:45,No-Show,0,0,29
A0171,P171,D005,Dermatology,2026-05-03,14:15,Completed,24,4175,4
A0172,P172,D001,Cardiology,2026-02-27,11:15,Cancelled,0,0,14
A0173,P173,D004,Orthopedics,2026-09-08,09:00,Completed,15,7557,22
A0174,P174,D009,Emergency,2026-02-07,13:00,Cancelled,0,0,19
A0175,P175,D007,Pediatrics,2026-04-09,14:15,Cancelled,0,0,25
A0176,P176,D009,Emergency,2026-01-16,11:15,No-Show,0,0,17
A0177,P177,D002,Cardiology,2026-09-05,14:15,Completed,33,4776,28
A0178,P178,D006,Neurology,2026-04-07,09:00,Completed,42,3931,29
A0179,P179,D009,Emergency,2026-04-16,09:45,Completed,56,6871,27
A0180,P180,D009,Emergency,2026-07-14,13:15,Cancelled,0,0,15
A0181,P181,D008,General Medicine,2026-05-23,12:15,Cancelled,0,0,12
A0182,P182,D008,General Medicine,2026-07-30,13:45,Completed,56,2092,22
A0183,P183,D002,Cardiology,2026-02-27,14:30,No-Show,0,0,6
A0184,P184,D009,Emergency,2026-04-18,11:00,Completed,42,4482,15
A0185,P185,D007,Pediatrics,2026-09-19,11:30,Cancelled,0,0,7
A0186,P186,D006,Neurology,2026-07-25,13:00,No-Show,0,0,24
A0187,P187,D008,General Medicine,2026-01-10,11:45,Completed,52,1168,6
A0188,P188,D002,Cardiology,2026-04-26,11:45,No-Show,0,0,8
A0189,P189,D008,General Medicine,2026-03-25,13:00,Cancelled,0,0,24
A0190,P190,D009,Emergency,2026-09-13,16:30,Cancelled,0,0,3
A0191,P191,D006,Neurology,2026-08-29,14:45,Rescheduled,9,0,25
A0192,P192,D008,General Medicine,2026-07-08,14:00,Completed,28,2926,1
A0193,P193,D001,Cardiology,2026-08-28,16:00,Rescheduled,23,0,27
A0194,P194,D005,Dermatology,2026-08-09,14:30,Cancelled,0,0,5
A0195,P195,D009,Emergency,2026-06-04,13:45,Cancelled,0,0,15
A0196,P196,D003,Orthopedics,2026-07-25,14:45,Rescheduled,23,0,12
A0197,P197,D007,Pediatrics,2026-07-22,17:45,Cancelled,0,0,4
A0198,P198,D009,Emergency,2026-03-02,11:30,Completed,45,3273,2
A0199,P199,D007,Pediatrics,2026-03-21,13:15,Rescheduled,33,0,7
A0200,P200,D009,Emergency,2026-03-06,12:45,Cancelled,0,0,16
A0201,P201,D009,Emergency,2026-04-09,17:00,Completed,14,8092,24
A0202,P202,D008,General Medicine,2026-06-16,10:00,Cancelled,0,0,21
A0203,P203,D008,General Medicine,2026-06-30,09:30,Rescheduled,42,0,18
A0204,P204,D007,Pediatrics,2026-01-01,15:00,Completed,12,1862,27
A0205,P205,D003,Orthopedics,2026-08-19,16:00,Cancelled,0,0,28
A0206,P206,D006,Neurology,2026-01-08,09:15,Rescheduled,31,0,10
A0207,P207,D005,Dermatology,2026-04-18,12:15,Completed,24,4464,6
A0208,P208,D005,Dermatology,2026-04-01,10:00,No-Show,0,0,29
A0209,P209,D004,Orthopedics,2026-03-07,13:00,Cancelled,0,0,28
A0210,P210,D004,Orthopedics,2026-07-18,17:15,No-Show,0,0,30
A0211,P211,D002,Cardiology,2026-08-13,10:30,Cancelled,0,0,18
A0212,P212,D005,Dermatology,2026-07-09,16:15,Completed,40,2213,4
A0213,P213,D006,Neurology,2026-08-03,09:00,Cancelled,0,0,6
A0214,P214,D007,Pediatrics,2026-07-12,10:45,Completed,34,2299,16
A0215,P215,D002,Cardiology,2026-09-13,17:30,Rescheduled,40,0,20
A0216,P216,D008,General Medicine,2026-07-05,14:00,No-Show,0,0,16
A0217,P217,D007,Pediatrics,2026-06-18,09:00,Rescheduled,12,0,10
A0218,P218,D005,Dermatology,2026-04-22,14:00,Cancelled,0,0,4
A0219,P219,D004,Orthopedics,2026-04-13,14:15,Cancelled,0,0,29
A0220,P220,D009,Emergency,2026-01-06,14:15,Completed,36,8037,4
A0221,P221,D008,General Medicine,2026-08-05,11:00,Completed,23,2354,6
A0222,P222,D002,Cardiology,2026-01-16,17:45,Rescheduled,31,0,2
A0223,P223,D003,Orthopedics,2026-03-06,15:15,No-Show,0,0,12
A0224,P224,D006,Neurology,2026-03-04,09:15,No-Show,0,0,14
A0225,P225,D001,Cardiology,2026-04-07,10:45,Completed,41,14186,25
A0226,P226,D006,Neurology,2026-05-01,13:15,Completed,34,8529,16
A0227,P227,D007,Pediatrics,2026-08-10,13:00,Completed,14,1267,3
A0228,P228,D007,Pediatrics,2026-05-09,11:30,Completed,46,2802,17
A0229,P229,D008,General Medicine,2026-06-06,12:45,Rescheduled,44,0,27
A0230,P230,D007,Pediatrics,2026-08-29,09:30,Cancelled,0,0,24
A0231,P231,D009,Emergency,2026-09-10,10:15,Completed,29,2595,11
A0232,P232,D007,Pediatrics,2026-07-14,12:45,Rescheduled,29,0,23
A0233,P233,D001,Cardiology,2026-09-07,10:30,Cancelled,0,0,23
A0234,P234,D004,Orthopedics,2026-07-06,15:30,Completed,13,4030,27
A0235,P235,D008,General Medicine,2026-03-13,10:00,No-Show,0,0,13
A0236,P236,D002,Cardiology,2026-03-27,13:15,Rescheduled,40,0,6
A0237,P237,D009,Emergency,2026-02-12,15:45,Completed,41,9371,29
A0238,P238,D009,Emergency,2026-05-18,15:45,Completed,14,8764,3
A0239,P239,D004,Orthopedics,2026-03-02,14:00,Cancelled,0,0,1
A0240,P240,D006,Neurology,2026-04-07,10:30,Rescheduled,5,0,10
A0241,P241,D001,Cardiology,2026-04-12,15:00,Rescheduled,21,0,10
A0242,P242,D005,Dermatology,2026-05-11,10:45,Completed,43,4374,2
A0243,P243,D005,Dermatology,2026-08-03,15:45,Cancelled,0,0,8
A0244,P244,D001,Cardiology,2026-05-11,09:15,Rescheduled,25,0,27
A0245,P245,D002,Cardiology,2026-08-15,16:15,Cancelled,0,0,4
A0246,P246,D002,Cardiology,2026-08-07,09:15,Cancelled,0,0,29
A0247,P247,D006,Neurology,2026-02-15,11:45,No-Show,0,0,11
A0248,P248,D001,Cardiology,2026-03-26,16:45,Rescheduled,13,0,27
A0249,P249,D004,Orthopedics,2026-07-04,16:15,Rescheduled,25,0,1
A0250,P250,D005,Dermatology,2026-04-11,17:00,Cancelled,0,0,13
A0251,P251,D002,Cardiology,2026-03-25,16:15,No-Show,0,0,11
A0252,P252,D007,Pediatrics,2026-05-23,13:30,Cancelled,0,0,25
A0253,P253,D008,General Medicine,2026-01-27,15:45,Cancelled,0,0,12
A0254,P254,D004,Orthopedics,2026-02-28,15:00,Cancelled,0,0,7
A0255,P255,D008,General Medicine,2026-06-04,14:30,No-Show,0,0,8
A0256,P256,D004,Orthopedics,2026-08-04,11:30,Rescheduled,15,0,18
A0257,P257,D004,Orthopedics,2026-01-03,14:00,Completed,26,3058,2
A0258,P258,D008,General Medicine,2026-06-18,09:15,No-Show,0,0,24
A0259,P259,D006,Neurology,2026-04-25,09:45,Rescheduled,23,0,4
A0260,P260,D004,Orthopedics,2026-05-21,11:30,No-Show,0,0,18
A0261,P261,D008,General Medicine,2026-09-03,17:00,No-Show,0,0,9
A0262,P262,D007,Pediatrics,2026-06-13,14:15,Cancelled,0,0,15
A0263,P263,D007,Pediatrics,2026-09-27,10:45,No-Show,0,0,22
A0264,P264,D007,Pediatrics,2026-09-19,17:15,Cancelled,0,0,7
A0265,P265,D009,Emergency,2026-02-05,12:15,Cancelled,0,0,21
A0266,P266,D006,Neurology,2026-06-05,11:00,No-Show,0,0,22
A0267,P267,D009,Emergency,2026-08-20,16:15,Cancelled,0,0,25
A0268,P268,D001,Cardiology,2026-02-02,10:45,Cancelled,0,0,4
A0269,P269,D005,Dermatology,2026-02-17,12:15,Completed,46,3664,29
A0270,P270,D006,Neurology,2026-04-04,15:00,No-Show,0,0,9
A0271,P271,D005,Dermatology,2026-03-25,15:30,Cancelled,0,0,5
A0272,P272,D008,General Medicine,2026-04-04,14:30,Rescheduled,25,0,20
A0273,P273,D008,General Medicine,2026-01-04,16:45,Completed,52,2874,8
A0274,P274,D002,Cardiology,2026-04-25,12:45,Cancelled,0,0,30
A0275,P275,D007,Pediatrics,2026-08-27,17:00,Cancelled,0,0,19
A0276,P276,D001,Cardiology,2026-09-03,17:15,Completed,59,5250,15
A0277,P277,D002,Cardiology,2026-03-02,16:15,No-Show,0,0,16
A0278,P278,D003,Orthopedics,2026-02-21,15:45,Completed,52,2592,21
A0279,P279,D009,Emergency,2026-03-24,10:15,Completed,21,6870,16
A0280,P280,D005,Dermatology,2026-07-16,12:15,Completed,52,1899,14
A0281,P281,D006,Neurology,2026-06-19,14:45,Cancelled,0,0,23
A0282,P282,D008,General Medicine,2026-02-24,15:30,Completed,56,972,3
A0283,P283,D005,Dermatology,2026-09-11,11:45,No-Show,0,0,18
A0284,P284,D005,Dermatology,2026-06-21,09:30,No-Show,0,0,3
A0285,P285,D004,Orthopedics,2026-01-12,17:30,Completed,31,7456,16
A0286,P286,D008,General Medicine,2026-02-15,14:45,No-Show,0,0,1
A0287,P287,D005,Dermatology,2026-07-08,12:00,No-Show,0,0,25
A0288,P288,D005,Dermatology,2026-04-09,14:45,Completed,25,3868,22
A0289,P289,D008,General Medicine,2026-03-03,11:30,Rescheduled,25,0,3
A0290,P290,D007,Pediatrics,2026-03-23,10:15,Cancelled,0,0,15
A0291,P291,D004,Orthopedics,2026-07-06,12:30,Cancelled,0,0,5
A0292,P292,D009,Emergency,2026-07-19,09:30,Cancelled,0,0,17
A0293,P293,D002,Cardiology,2026-03-13,15:15,Cancelled,0,0,21
A0294,P294,D006,Neurology,2026-09-14,15:30,Rescheduled,31,0,2
A0295,P295,D001,Cardiology,2026-04-25,14:15,Rescheduled,29,0,13
A0296,P296,D006,Neurology,2026-06-27,13:45,Completed,51,9720,3
A0297,P297,D003,Orthopedics,2026-03-22,13:30,No-Show,0,0,6
A0298,P298,D009,Emergency,2026-05-30,14:00,Rescheduled,29,0,6
A0299,P299,D003,Orthopedics,2026-03-29,16:15,Completed,12,3676,13
A0300,P300,D001,Cardiology,2026-06-18,12:30,No-Show,0,0,13
A0301,P301,D006,Neurology,2026-08-16,13:45,No-Show,0,0,11
A0302,P302,D004,Orthopedics,2026-06-19,12:15,No-Show,0,0,14
A0303,P303,D004,Orthopedics,2026-03-20,13:00,No-Show,0,0,6
A0304,P304,D008,General Medicine,2026-09-07,17:15,Cancelled,0,0,6
A0305,P305,D008,General Medicine,2026-02-07,13:15,No-Show,0,0,26
A0306,P306,D004,Orthopedics,2026-05-10,14:15,No-Show,0,0,19
A0307,P307,D005,Dermatology,2026-06-15,17:15,Rescheduled,28,0,12
A0308,P308,D008,General Medicine,2026-09-10,09:30,Rescheduled,38,0,27
A0309,P309,D007,Pediatrics,2026-02-25,09:15,No-Show,0,0,6
A0310,P310,D007,Pediatrics,2026-01-06,17:15,Cancelled,0,0,21
A0311,P311,D007,Pediatrics,2026-09-08,17:30,Rescheduled,22,0,15
A0312,P312,D003,Orthopedics,2026-05-02,16:45,No-Show,0,0,1
A0313,P313,D003,Orthopedics,2026-06-14,13:00,Rescheduled,9,0,15
A0314,P314,D007,Pediatrics,2026-08-20,13:00,Completed,15,3141,2
A0315,P315,D001,Cardiology,2026-09-15,16:15,Rescheduled,37,0,22
A0316,P316,D005,Dermatology,2026-06-07,09:30,No-Show,0,0,28
A0317,P317,D009,Emergency,2026-03-07,15:00,Cancelled,0,0,20
A0318,P318,D008,General Medicine,2026-03-31,15:30,Cancelled,0,0,19
A0319,P319,D009,Emergency,2026-04-20,17:45,Cancelled,0,0,29
A0320,P320,D003,Orthopedics,2026-08-21,17:45,Rescheduled,25,0,3
A0321,P321,D006,Neurology,2026-07-17,10:30,No-Show,0,0,11
A0322,P322,D005,Dermatology,2026-02-10,11:30,Completed,34,2953,25
A0323,P323,D007,Pediatrics,2026-02-14,17:30,Cancelled,0,0,2
A0324,P324,D005,Dermatology,2026-09-15,13:45,No-Show,0,0,12
A0325,P325,D002,Cardiology,2026-09-25,13:00,Rescheduled,41,0,30
A0326,P326,D001,Cardiology,2026-02-18,13:45,Completed,24,12682,30
A0327,P327,D005,Dermatology,2026-01-04,10:45,Completed,15,2358,2
A0328,P328,D008,General Medicine,2026-06-08,09:45,Completed,24,1332,2
A0329,P329,D003,Orthopedics,2026-02-26,17:45,No-Show,0,0,18
A0330,P330,D009,Emergency,2026-01-28,17:15,Rescheduled,15,0,1
A0331,P331,D002,Cardiology,2026-06-21,13:30,Cancelled,0,0,13
A0332,P332,D006,Neurology,2026-07-03,13:30,Cancelled,0,0,20
A0333,P333,D007,Pediatrics,2026-08-09,17:00,Rescheduled,44,0,20
A0334,P334,D007,Pediatrics,2026-09-13,15:30,Cancelled,0,0,11
A0335,P335,D009,Emergency,2026-07-24,13:00,No-Show,0,0,8
A0336,P336,D003,Orthopedics,2026-05-31,09:30,Completed,46,7262,25
A0337,P337,D009,Emergency,2026-09-10,16:30,No-Show,0,0,4
A0338,P338,D002,Cardiology,2026-01-10,14:15,Completed,19,6036,17
A0339,P339,D005,Dermatology,2026-04-07,12:30,Cancelled,0,0,28
A0340,P340,D005,Dermatology,2026-06-10,12:00,Rescheduled,22,0,15
A0341,P341,D008,General Medicine,2026-06-18,09:15,No-Show,0,0,26
A0342,P342,D008,General Medicine,2026-07-19,17:00,Completed,48,524,5
A0343,P343,D003,Orthopedics,2026-03-21,09:45,Rescheduled,8,0,18
A0344,P344,D001,Cardiology,2026-09-29,10:30,Rescheduled,41,0,12
A0345,P345,D009,Emergency,2026-08-04,14:30,Completed,14,4738,21
A0346,P346,D002,Cardiology,2026-04-12,13:45,Cancelled,0,0,15
A0347,P347,D008,General Medicine,2026-05-03,11:45,Completed,27,832,6
A0348,P348,D007,Pediatrics,2026-01-03,15:45,Rescheduled,10,0,25
A0349,P349,D003,Orthopedics,2026-05-23,16:30,No-Show,0,0,14
A0350,P350,D004,Orthopedics,2026-03-27,14:30,Completed,49,2712,10
A0351,P351,D009,Emergency,2026-02-23,15:00,Cancelled,0,0,23
A0352,P352,D007,Pediatrics,2026-03-01,16:00,Completed,11,3830,5
A0353,P353,D001,Cardiology,2026-01-26,12:30,Cancelled,0,0,10
A0354,P354,D006,Neurology,2026-08-30,17:45,Cancelled,0,0,26
A0355,P355,D003,Orthopedics,2026-07-23,14:45,Completed,38,5515,8
A0356,P356,D007,Pediatrics,2026-06-20,17:00,Cancelled,0,0,13
A0357,P357,D004,Orthopedics,2026-09-11,10:45,Completed,52,2132,19
A0358,P358,D008,General Medicine,2026-05-04,16:00,Completed,13,2910,14
A0359,P359,D009,Emergency,2026-04-03,16:45,Completed,14,4801,29
A0360,P360,D006,Neurology,2026-01-22,17:45,Cancelled,0,0,21
A0361,P361,D005,Dermatology,2026-08-26,10:45,Cancelled,0,0,8
A0362,P362,D007,Pediatrics,2026-02-13,16:00,No-Show,0,0,30
A0363,P363,D005,Dermatology,2026-02-17,15:45,Rescheduled,14,0,30
A0364,P364,D007,Pediatrics,2026-02-23,10:45,Completed,59,535,1
A0365,P365,D006,Neurology,2026-07-02,13:15,Rescheduled,26,0,21
A0366,P366,D006,Neurology,2026-01-08,10:30,Cancelled,0,0,6
A0367,P367,D007,Pediatrics,2026-09-01,09:15,No-Show,0,0,15
A0368,P368,D007,Pediatrics,2026-08-19,17:30,Completed,11,3550,7
A0369,P369,D004,Orthopedics,2026-01-22,16:45,Completed,12,5698,21
A0370,P370,D007,Pediatrics,2026-07-25,13:30,No-Show,0,0,18
A0371,P371,D003,Orthopedics,2026-04-14,10:00,No-Show,0,0,25
A0372,P372,D002,Cardiology,2026-02-23,17:00,Cancelled,0,0,20
A0373,P373,D002,Cardiology,2026-09-29,11:00,Cancelled,0,0,21
A0374,P374,D001,Cardiology,2026-08-11,10:00,No-Show,0,0,28
A0375,P375,D007,Pediatrics,2026-01-21,15:15,Rescheduled,32,0,30
A0376,P376,D008,General Medicine,2026-02-16,16:30,Completed,22,1682,15
A0377,P377,D007,Pediatrics,2026-04-09,14:45,Completed,27,1187,4
A0378,P378,D002,Cardiology,2026-08-27,09:00,No-Show,0,0,21
A0379,P379,D002,Cardiology,2026-08-31,13:30,No-Show,0,0,7
A0380,P380,D001,Cardiology,2026-01-18,17:15,Rescheduled,6,0,5
A0381,P381,D007,Pediatrics,2026-06-20,10:00,Completed,52,1969,17
A0382,P382,D005,Dermatology,2026-01-23,15:30,No-Show,0,0,7
A0383,P383,D009,Emergency,2026-07-11,12:30,Cancelled,0,0,21
A0384,P384,D007,Pediatrics,2026-03-30,17:15,Completed,26,1246,11
A0385,P385,D006,Neurology,2026-09-17,14:00,No-Show,0,0,7
A0386,P386,D002,Cardiology,2026-01-15,13:45,Completed,43,9794,15
A0387,P387,D006,Neurology,2026-06-03,09:45,Completed,22,7143,26
A0388,P388,D003,Orthopedics,2026-02-25,17:30,Cancelled,0,0,16
A0389,P389,D008,General Medicine,2026-05-05,13:45,No-Show,0,0,12
A0390,P390,D001,Cardiology,2026-09-08,12:30,Completed,50,5585,16
A0391,P391,D007,Pediatrics,2026-06-17,11:45,Rescheduled,21,0,28
A0392,P392,D007,Pediatrics,2026-01-24,12:15,Completed,58,2547,17
A0393,P393,D008,General Medicine,2026-09-14,15:45,Completed,40,1660,29
A0394,P394,D006,Neurology,2026-02-09,12:45,Rescheduled,27,0,3
A0395,P395,D008,General Medicine,2026-01-19,14:30,No-Show,0,0,22
A0396,P396,D005,Dermatology,2026-08-08,16:30,No-Show,0,0,17
A0397,P397,D008,General Medicine,2026-05-05,14:15,No-Show,0,0,8
A0398,P398,D005,Dermatology,2026-04-09,10:15,Completed,38,4661,21
A0399,P399,D004,Orthopedics,2026-03-08,16:15,Cancelled,0,0,1
A0400,P400,D009,Emergency,2026-03-12,15:30,No-Show,0,0,30
A0401,P401,D006,Neurology,2026-03-02,17:15,Completed,56,11839,26
A0402,P402,D006,Neurology,2026-07-27,09:45,Cancelled,0,0,21
A0403,P403,D004,Orthopedics,2026-03-24,14:30,Rescheduled,17,0,25
A0404,P404,D004,Orthopedics,2026-03-11,15:15,Completed,42,5640,7
A0405,P405,D007,Pediatrics,2026-08-26,14:30,No-Show,0,0,29
A0406,P406,D008,General Medicine,2026-07-23,17:15,Rescheduled,15,0,27
A0407,P407,D005,Dermatology,2026-08-04,14:45,Completed,26,4533,3
A0408,P408,D006,Neurology,2026-06-27,11:45,Cancelled,0,0,18
A0409,P409,D003,Orthopedics,2026-04-15,15:15,Cancelled,0,0,20
A0410,P410,D009,Emergency,2026-03-10,14:45,Rescheduled,34,0,19
A0411,P411,D008,General Medicine,2026-05-06,12:00,Rescheduled,24,0,23
A0412,P412,D003,Orthopedics,2026-09-30,16:30,Cancelled,0,0,19
A0413,P413,D009,Emergency,2026-02-03,17:30,Cancelled,0,0,11
A0414,P414,D008,General Medicine,2026-05-08,12:15,No-Show,0,0,13
A0415,P415,D001,Cardiology,2026-05-27,09:00,Rescheduled,18,0,8
A0416,P416,D005,Dermatology,2026-09-23,17:45,Rescheduled,21,0,21
A0417,P417,D009,Emergency,2026-08-13,16:15,Rescheduled,41,0,6
A0418,P418,D006,Neurology,2026-02-16,14:30,Cancelled,0,0,17
A0419,P419,D005,Dermatology,2026-02-04,14:45,Completed,22,2919,14
A0420,P420,D002,Cardiology,2026-03-02,11:15,Completed,44,10985,27
A0421,P421,D004,Orthopedics,2026-03-05,11:45,No-Show,0,0,13
A0422,P422,D007,Pediatrics,2026-08-11,14:30,Cancelled,0,0,21
A0423,P423,D005,Dermatology,2026-02-15,12:15,Completed,46,1833,5
A0424,P424,D003,Orthopedics,2026-05-14,17:45,Cancelled,0,0,3
A0425,P425,D005,Dermatology,2026-09-09,12:30,No-Show,0,0,27
A0426,P426,D008,General Medicine,2026-01-28,17:15,No-Show,0,0,3
A0427,P427,D006,Neurology,2026-05-10,14:45,No-Show,0,0,27
A0428,P428,D002,Cardiology,2026-02-11,17:15,Cancelled,0,0,24
A0429,P429,D006,Neurology,2026-05-22,17:00,Rescheduled,44,0,13
A0430,P430,D005,Dermatology,2026-01-07,17:00,No-Show,0,0,5
A0431,P431,D006,Neurology,2026-04-01,17:30,No-Show,0,0,3
A0432,P432,D005,Dermatology,2026-02-04,11:00,Rescheduled,32,0,28
A0433,P433,D004,Orthopedics,2026-09-08,15:00,Completed,18,5416,23
A0434,P434,D005,Dermatology,2026-06-22,10:15,Rescheduled,9,0,22
A0435,P435,D009,Emergency,2026-06-18,14:45,Rescheduled,9,0,7
A0436,P436,D007,Pediatrics,2026-06-05,09:45,Rescheduled,38,0,26
A0437,P437,D006,Neurology,2026-04-16,11:45,Completed,39,4732,29
A0438,P438,D006,Neurology,2026-06-19,16:15,Completed,55,5438,18
A0439,P439,D003,Orthopedics,2026-08-05,09:30,Cancelled,0,0,15
A0440,P440,D008,General Medicine,2026-05-18,10:45,Cancelled,0,0,7
A0441,P441,D006,Neurology,2026-05-09,17:15,Completed,20,9036,26
A0442,P442,D009,Emergency,2026-07-29,15:45,Rescheduled,32,0,2
A0443,P443,D003,Orthopedics,2026-04-27,10:15,No-Show,0,0,21
A0444,P444,D008,General Medicine,2026-04-29,16:00,No-Show,0,0,12
A0445,P445,D007,Pediatrics,2026-02-18,14:15,Completed,19,1059,11
A0446,P446,D008,General Medicine,2026-02-06,15:45,Completed,31,1588,27
A0447,P447,D007,Pediatrics,2026-08-21,11:30,Cancelled,0,0,7
A0448,P448,D008,General Medicine,2026-06-16,15:15,Completed,36,1387,1
A0449,P449,D006,Neurology,2026-01-11,12:00,No-Show,0,0,26
A0450,P450,D006,Neurology,2026-07-30,17:45,Cancelled,0,0,12
A0451,P451,D008,General Medicine,2026-08-21,16:30,Cancelled,0,0,8
A0452,P452,D005,Dermatology,2026-05-15,12:45,Rescheduled,28,0,22
A0453,P453,D006,Neurology,2026-02-17,09:00,Cancelled,0,0,8
A0454,P454,D009,Emergency,2026-06-07,15:00,Rescheduled,34,0,29
A0455,P455,D006,Neurology,2026-04-02,11:15,Completed,29,8007,21
A0456,P456,D005,Dermatology,2026-01-07,13:30,Cancelled,0,0,8
A0457,P457,D005,Dermatology,2026-08-17,13:15,Completed,15,1366,9
A0458,P458,D008,General Medicine,2026-07-19,14:00,Completed,27,924,1
A0459,P459,D007,Pediatrics,2026-04-26,15:15,Completed,50,1237,29
A0460,P460,D002,Cardiology,2026-03-20,12:45,No-Show,0,0,23
A0461,P461,D005,Dermatology,2026-09-13,12:00,Cancelled,0,0,19
A0462,P462,D003,Orthopedics,2026-09-28,14:30,Completed,51,3014,18
A0463,P463,D007,Pediatrics,2026-07-09,13:30,Rescheduled,27,0,8
A0464,P464,D003,Orthopedics,2026-09-18,12:00,Cancelled,0,0,27
A0465,P465,D005,Dermatology,2026-04-20,11:30,Rescheduled,8,0,4
A0466,P466,D009,Emergency,2026-03-13,14:15,Rescheduled,6,0,20
A0467,P467,D003,Orthopedics,2026-02-24,11:45,No-Show,0,0,25
A0468,P468,D002,Cardiology,2026-09-29,15:30,Completed,43,14207,4
A0469,P469,D002,Cardiology,2026-08-21,13:00,Completed,57,3221,7
A0470,P470,D009,Emergency,2026-08-01,11:30,Completed,53,3560,16
A0471,P471,D005,Dermatology,2026-06-05,12:45,Cancelled,0,0,1
A0472,P472,D007,Pediatrics,2026-07-02,13:30,Cancelled,0,0,15
A0473,P473,D007,Pediatrics,2026-01-24,13:15,No-Show,0,0,21
A0474,P474,D004,Orthopedics,2026-07-07,10:30,Rescheduled,24,0,10
A0475,P475,D004,Orthopedics,2026-03-09,14:45,Cancelled,0,0,26
A0476,P476,D007,Pediatrics,2026-06-11,09:45,No-Show,0,0,2
A0477,P477,D006,Neurology,2026-04-18,16:30,Cancelled,0,0,20
A0478,P478,D009,Emergency,2026-07-04,16:45,Cancelled,0,0,29
A0479,P479,D006,Neurology,2026-07-26,09:45,Cancelled,0,0,24
A0480,P480,D001,Cardiology,2026-02-23,10:30,No-Show,0,0,3
A0481,P481,D008,General Medicine,2026-07-27,09:00,Completed,49,2731,19
A0482,P482,D003,Orthopedics,2026-09-17,13:30,Rescheduled,14,0,24
A0483,P483,D005,Dermatology,2026-08-12,15:30,Completed,37,1269,25
A0484,P484,D002,Cardiology,2026-01-27,13:45,Completed,24,4036,30
A0485,P485,D007,Pediatrics,2026-05-05,11:30,No-Show,0,0,24
A0486,P486,D005,Dermatology,2026-07-23,17:45,No-Show,0,0,23
A0487,P487,D004,Orthopedics,2026-08-14,11:15,Rescheduled,32,0,2
A0488,P488,D008,General Medicine,2026-03-09,12:00,Rescheduled,17,0,4
A0489,P489,D009,Emergency,2026-04-03,11:00,No-Show,0,0,18
A0490,P490,D001,Cardiology,2026-03-28,10:30,No-Show,0,0,2
A0491,P491,D006,Neurology,2026-02-21,13:15,Completed,32,11883,5
A0492,P492,D008,General Medicine,2026-02-02,09:45,Completed,44,1231,15
A0493,P493,D008,General Medicine,2026-01-23,09:45,No-Show,0,0,22
A0494,P494,D004,Orthopedics,2026-07-24,11:45,Completed,42,6413,29
A0495,P495,D008,General Medicine,2026-07-22,16:45,No-Show,0,0,27
A0496,P496,D004,Orthopedics,2026-07-26,14:30,Completed,18,5904,23
A0497,P497,D001,Cardiology,2026-06-20,16:30,Completed,57,8362,16
A0498,P498,D002,Cardiology,2026-04-04,10:15,No-Show,0,0,9
A0499,P499,D002,Cardiology,2026-07-25,15:45,Rescheduled,11,0,20
A0500,P500,D008,General Medicine,2026-03-23,14:00,Cancelled,0,0,20
